English,Arabic
abandon,تخلى
ability,قدرة
able,قادر
abortion,إجهاض
about,حول
above,فوق
abroad,خارج البلاد
absence,غياب
absolute,مطلق
absolutely,إطلاقا
absorb,تمتص
abuse,تعاطي
academic,الأكاديمي
accept,قبول
access,التمكن من
accident,حادثة
accompany,مرافقة
accomplish,ينجز
according,تبعا
account,الحساب
accurate,دقيق
accuse,اتهم
achieve,التوصل
achievement,إنجاز
acid,حامض
acknowledge,الإقرار
acquire,يستحوذ على
across,عير
act,يمثل
action,عمل
active,نشيط
activist,الناشط
activity,نشاط
actor,الممثل
actress,ممثلة
actual,فعلي
actually,في الواقع
ad,ميلادي
adapt,يتكيف
add,يضيف
addition,إضافة
additional,إضافي
address,عنوان
adequate,مناسب
adjust,يعدل
adjustment,تعديل
administration,الادارة
administrator,مدير
admire,معجب
admission,سماح بالدخول
admit,يعترف
adolescent,مراهق
adopt,يتبنى
adult,الكبار
advance,تقدم
advanced,المتقدمة
advantage,مميزات
adventure,مفامرة
advertising,إعلان
advice,النصيحة
advise,ينصح
adviser,مستشار
advocate,يدافع عن
affair,قضية
affect,يؤثر
afford,تحمل
afraid,خائف
African,الأفريقي
African-American,الافارقه الامريكان
after,بعد، بعدما
afternoon,بعد الظهر
again,تكرارا
against,ضد
age,سن
agency,وكالة
agenda,جدول أعمال
agent,وكيلات
aggressive,عنيف
ago,منذ
agree,يوافق على
agreement,اتفاق
agricultural,الزراعة
ah,آه
ahead,امام
aid,يساعد
aide,مساعد
AIDS,الإيدز
aim,هدف، تصويب
air,هواء
aircraft,الطائرات
airline,شركة طيران
airport,مطار
album,ألبوم
alcohol,الكحول
alive,على قيد الحياة
all,الكل
alliance,تحالف
allow,السماح
ally,حليف
almost,تقريبيا
alone,وحده
along,على امتداد
already,بالفعل
also,أيضا
alter,تغيير
alternative,لبديل
although,بالرغم ان
always,دائما
AM,صباحا
amazing,مدهش
American,أمريكي
among,من بين
amount,كمية
analysis,التحليلات
analyst,المحلل
analyze,تحليل
ancient,عتيق
and,و
anger,غاضب
angle,زاوية
angry,غاضب
animal,حيوان
anniversary,ذكرى سنوية
announce,أعلن
annual,سنوي
another,اخر
answer,إجابه
anticipate,يتوقع
anxiety,القلق
any,أي
anybody,اي شخص
anymore,أي أكثر من ذلك
anyone,أي واحد
anything,اى شئ
anyway,على أي حال
anywhere,في أى مكان
apart,بعيدا، بمعزل، على حد
apartment,شقة
apparent,واضح
apparently,فيما يبدو
appeal,مناشدة
appear,يظهر
appearance,مظهر خارجي
apple,تفاح
application,تطبيق
apply,تطبيق
appoint,تعيين
appointment,موعد
appreciate,يقدر
approach,مقاربة
appropriate,ملائم
approval,موافقة
approve,يوافق
approximately,تقريبا
Arab,عرب
architect,مهندس معماري
area,منطقة
argue,تجادل
argument,جدال
arise,تنشأ
arm,ذراع
armed,مسلح
army,جيش
around,حول
arrange,رتب
arrangement,ترتيب
arrest,يقبض على
arrival,وصول
arrive,يصل
art,فن
article,مقالة - سلعة
artist,فنان
artistic,فني
as,كما
Asian,الآسيوية
aside,جانبا
ask,يطلب
asleep,نائم
aspect,وجه
assault,الاعتداءات
assert,يجزم
assess,تقييم
assessment,تقيم
asset,أصل
assign,تعيين
assignment,مهمة
assist,مساعدة
assistance,مساعدة
assistant,مساعد
associate,مساعد
association,منظمة
assume,افترض
assumption,افتراض
assure,ضم
at,في
athlete,رياضي
athletic,رياضي
atmosphere,الغلاف الجوي
attach,يربط
attack,هجوم
attempt,محاولة
attend,حضر
attention,الانتباه
attitude,سلوك
attorney,محامي
attract,جذب
attractive,ملفت للانتباه
attribute,ينسب
audience,جمهور
author,مؤلف
authority,السلطة
auto,تلقاءي
available,متوفرة
average,معدل
avoid,تجنب
award,جائزة
aware,واعي
awareness,وعي
away,بعيدا
awful,سيئ
baby,طفل
back,الى الخلف
background,معرفتي
bad,سيء
badly,بشكل سيئ
bag,حقيبة
bake,خبز
balance,الرصيد
ball,كرة
ban,المنع
band,حافظة مسافة
bank,مصرف
bar,شريط
barely,بالكاد
barrel,برميل
barrier,حاجز
base,يتمركز
baseball,البيسبول
basic,أساسي
basically,في الأساس
basis,أساس
basket,سلة
basketball,كرة سلة
bathroom,حمام
battery,البطارية
battle,معركة
be,يكون
beach,شاطئ
bean,فاصوليا
bear,يتحمل
beat,تغلب
beautiful,جميلة
beauty,جمال
because,لأن
become,أصبح
bed,سرير
bedroom,غرفة نوم
beer,بيرة
before,قبل
begin,يبدأ
beginning,بداية
behavior,سلوك
behind,خلف
being,يجرى
belief,إيمان
believe,يصدق
bell,جرس
belong,ينتمي ل
below,أدناه
belt,حزام
bench,مقاعد البدلاء
bend,يلوي
beneath,أسفل
benefit,المنفعة
beside,بجانب
besides,بجانب
best,أفضل
bet,رهان
better,أفضل
between,ما بين
beyond,وراء - فى الجانب الاخر
Bible,الكتاب المقدس
big,كبير
bike,دراجة هوائية
bill,مشروع قانون
billion,مليار
bind,ربط
biological,بيولوجي
bird,عصفور
birth,ولادة
birthday,عيد الميلاد
bit,قليل
bite,يعض
black,أسود
blade,شفرة
blame,لوم
blanket,بطانية
blind,أعمى
block,منع
blood,دم
blow,نفخ
blue,أزرق
board,مجلس
boat,قارب
body,هيئة
bomb,قنبلة
bombing,قصف
bond,رابطة
bone,عظم
book,الكتاب
boom,فقاعة
boot,حذاء طويل
border,الحدود
born,ولد
borrow,اقتراض
boss,رئيس
both,على حد سواء
bother,يزعج
bottle,زجاجة
bottom,قاع
boundary,حد
bowl,صحن
box,علبة
boy,صبي
boyfriend,حبيب
brain,مخ
branch,فرع
brand,ماركة
bread,خبز
break,استراحة
breakfast,وجبة افطار
breast,صدر
breath,يتنفس
breathe,نفس
brick,قالب طوب
bridge,كوبري
brief,نبذة
briefly,موجز
bright,مشرق
brilliant,متألق
bring,احضر
British,بريطاني
broad,واسع
broken,مكسور
brother,شقيق
brown,بنى
brush,فرشاة
buck,دولار
budget,تبرع
build,يبني
building,بناء
bullet,رصاصة
bunch,حزمة
burden,حرج
burn,يحرق
bury,دفن
bus,أوتوبيس
business,عمل
busy,مشغول
but,لكن
butter,زبدة
button,زر
buy,يشترى
buyer,مشتر
by,بواسطة
cabin,الطائرة
cabinet,خزانة
cable,كابل
cake,كيك
calculate,حساب
call,مكالمة
camera,الة تصوير
camp,معسكر
campaign,الحملة الانتخابية
campus,الحرم الجامعي
can,علبة
Canadian,كندي
cancer,سرطان
candidate,مرشح
cap,قبعة
capability,الإمكانية
capable,قادر
capacity,الاهلية
capital,رأس المال
captain,قائد المنتخب
capture,إلتقاط
car,السيارات
carbon,كربون
card,بطاقة
care,رعاية
career,مسار مهني مسار وظيفي
careful,حذر
carefully,بحرص
carrier,الناقل
carry,احمل
case,قضية
cash,السيولة النقدية
cast,يقذف
cat,قط
catch,يمسك
category,الفئة
Catholic,كاثوليكي
cause,لانى
ceiling,السقف
celebrate,احتفل
celebration,احتفال
celebrity,نجاح كبير
cell,زنزانة
center,المركز
central,وسط
century,مئة عام
CEO,المدير التنفيذي
ceremony,مراسم
certain,المؤكد
certainly,من المؤكد
chain,سلسلة
chair,كرسي
chairman,رئيس
challenge,تحد
chamber,غرفة
champion,بطل
championship,بطولة
chance,صدفة
change,يتغيرون
changing,تغيير
channel,قناة
chapter,الفصل
character,اختلاف الشخصيات
characteristic,صفة مميزة
characterize,تميز
charge,الشحنة
charity,الاعمال الخيرية
chart,جدول
chase,مطاردة
cheap,الرخيص
check,التحقق من
cheek,خد
cheese,جبنه
chef,طاه
chemical,المواد الكيميائية
chest,صدر
chicken,دجاج
chief,رئيس
child,طفل
childhood,مرحلة الطفولة
Chinese,صينى
chip,رقاقة
chocolate,شوكولاتة
choice,خيار
cholesterol,الكوليسترول
choose,يختار
Christian,مسيحي
Christmas,عيد الميلاد
church,كنيسة
cigarette,سيجارة
circle,دائرة
circumstance,ظرف
cite,استشهد
citizen,مواطن
city,مدينة
civil,مدني
civilian,المدني
claim,مطالبة
class,صف دراسي
classic,الكلاسيكية
classroom,قاعة الدراسة
clean,ينظف
clear,صافي
clearly,بوضوح
client,زبون
climate,مناخ
climb,تسلق
clinic,عيادة
clinical,مرضي
clock,ساعة
close,أغلق
closely,بعناية
closer,أقرب
clothes,ملابس
clothing,ملابس
cloud,غيم
club,النادي
clue,فكرة
cluster,العنقودية
coach,مدرب رياضي
coal,فحم
coalition,الائتلاف
coast,ساحل
coat,معطف
code,الشفرة
coffee,قهوة
cognitive,الإدراكي
cold,البرد
collapse,انهيار
colleague,كلية
collect,يجمع
collection,مجموعة
collective,جماعي
college,كلية
colonial,استعمار
color,اللون
column,عمودي
combination,مزيج
combine,يجمع
come,يأتي
comedy,كوميديا
comfort,راحة
comfortable,مريح
command,أمر
commander,القائد
comment,تعليق
commercial,تجاري
commission,لجنة
commit,ارتكب
commitment,التزام
committee,لجنة
common,مشترك
communicate,نقل
communication,الاتصالات
community,تواصل اجتماعي
company,شركة
compare,قارن
comparison,مقارنة
compete,تنافس
competition,منافسة
competitive,تنافسي
competitor,منافس
complain,تذمر
complaint,شكوى
complete,مكتمل
completely,تماما
complex,مركب
complicated,معقد
component,مكون
compose,مؤلف موسيقى
composition,تكوين
comprehensive,شامل
computer,الحاسوب
concentrate,يركز
concentration,تركيز
concept,مفهوم
concern,الاهتمام
concerned,المعنية
concert,حفلة موسيقية
conclude,نستنتج
conclusion,استنتاج
concrete,الخرسانة
condition,شرط
conduct,سلوك
conference,مؤتمر
confidence,الثقة
confident,موثوق
confirm,تؤكد
conflict,نزاع
confront,مواجهة
confusion,الالتباس
Congress,الكونغرس
congressional,الكونجرس
connect,الاتصال
connection,الإتصال
consciousness,الوعي
consensus,إجماع
consequence,عاقبة
conservative,تحفظا
consider,انصح
considerable,ضخم
consideration,الاعتبار
consist,تتكون
consistent,ثابتة
constant,ثابت
constantly,باستمرار
constitute,تشكل
constitutional,الدستورية
construct,بناء
construction,اعمال بناء
consultant,مستشار
consume,تستهلك
consumer,مستهلك
consumption,استهلاك
contact,اتصل
contain,يحتوي
container,وعاء
contemporary,معاصر
content,المحتوى
contest,منافسة
context,سياق الكلام
continue,استمر
continued,واصلت
contract,اتفافية
contrast,التباين
contribute,مساهمة
contribution,مساهمة
control,مراقبة
controversial,مثيرة للجدل
controversy,الجدل
convention,اتفاقية. معاهدة
conventional,عادي
conversation,محادثة
convert,يتحول
conviction,قناعة
convince,يقنع
cook,يطبخ
cookie,بسكويت
cooking,طبخ
cool,بارد
cooperation,تعاون
cop,شرطي
cope,التأقلم
copy,ينسخ
core,جوهر
corn,حبوب ذرة
corner,ركن
corporate,شركة كبرى
corporation,شركة
correct,صيح
correspondent,مراسل
cost,كلفة
cotton,القطن
couch,أريكة
could,استطاع
council,مجلس
counselor,مستشار
count,عدد
counter,عداد
country,بلد
county,مقاطعة
couple,زوج
courage,شجاعة
course,مسار
court,ملعب تنس
cousin,ولد عم
cover,غطاء، يغطي
coverage,تغطية
cow,بقرة
crack,كسر
craft,حرفة
crash,يصطدم
crazy,مجنون
cream,كريم
create,يزيد
creation,خلق
creative,خلاق
creature,مخلوق
credit,الإئتمان
crew,طاقم العمل
crime,جريمة
criminal,مجرم
crisis,مصيبة
criteria,المعايير
critic,الناقد
critical,حرج
criticism,نقد
criticize,ينتقد
crop,ا & قتصاص
cross,تعبر
crowd,يحشد
crucial,مهم
cry,بكاء
cultural,الثقافية
culture,حضاره
cup,فنجان
curious,فضولي
current,تيار
currently,حاليا
curriculum,منهاج دراسي
custom,مخصص
customer,عميل
cut,يقطع
cycle,دورة
dad,بابا
daily,اليومي
damage,تلف
dance,رقص
danger,خطر
dangerous,خطير >> صفة
dare,تجرؤ
dark,داكن
darkness,الظلام
data,البيانات
date,تاريخ
daughter,بنت
day,يوم
dead,في ذمة الله تعالى
deal,صفقة
dealer,تاجر
dear,عزيزي
death,الموت
debate,النقاش
debt,دين
decade,عقد
decide,قرر
decision,قرار
deck,ظهر السفينة
declare,يعلن
decline,يتناقص
decrease,ينقص
deep,عميق
deeply,بشدة
deer,الغزال
defeat,هزيمة
defend,الدفاع
defendant,المدعى عليه
defense,دفاع
defensive,دفاعي
deficit,عجز
define,حدد
definitely,بالتااكيد
definition,تعريف
degree,الدرجة العلمية
delay,تأخير
deliver,ايصال
delivery,توصيل
demand,الطلب
democracy,ديمقراطية
Democrat,الديموقراطي
democratic,الديمقراطية
demonstrate,يوضح
demonstration,برهنة
deny,ينكر
department,قسم
depend,تعتمد
dependent,متكل
depending,اعتمادا
depict,تصف
depression,كآبة
depth,عمق
deputy,نائب
derive,استخلاص
describe,يصف
description,وصف
desert,صحراء
deserve,استحق
design,التصميم
designer,مصمم
desire,رغبة
desk,طاولة مكتب
desperate,متحرق إلى
despite,بالرغم من
destroy,هدم
destruction,دمار
detail,تفاصيل
detailed,مفصلة
detect,يكشف
determine,حدد
develop,طور
developing,تطوير
development,تطوير
device,جهاز
devote,تكريس
dialogue,حوار
die,موت
diet,حمية
differ,اختلف
difference,فرق
different,مختلف
differently,بشكل مختلف
difficult,صعبة
difficulty,صعوبة
dig,حفر
digital,الرقمية
dimension,البعد
dining,تناول الطعام
dinner,وجبة عشاء
direct,مباشرة
direction,اتجاه
directly,مباشرة
director,مدير
dirt,التراب
dirty,متسخ
disability,عجز
disagree,تعارض
disappear,يختفي
disaster,كارثة
discipline,انضباط
discourse,الحوار
discover,يكتشف
discovery,اكتشاف
discrimination,التمييز
discuss,مناقشة
discussion,نقاش
disease,مرض
dish,طبق
dismiss,رفض
disorder,اضطراب
display,عرض
dispute,خلاف
distance,مسافه: بعد
distant,بعيدة
distinct,خامد
distinction,امتياز
distinguish,تميز
distribute,نشر
distribution,توزيع
district,منطقة
diverse,متنوع
diversity,تنوع
divide,يقسم
division,قطاع
divorce,طلاق
DNA,الحمض النووي
do,فعل
doctor,طبيب
document,وثيقة
dog,كلب
domestic,المنزلي
dominant,مهيمن
dominate,تسيطر
door,باب
double,مزدوج
doubt,شك
down,تحت
downtown,وسط البلد
dozen,دزينة
draft,مشروع
drag,يجر
drama,دراما
dramatic,دراماتيكي
dramatically,بشكل كبير
draw,يرسم
drawing,رسم
dream,حلم
dress,فستان
drink,يشرب
drive,قائد
driver,سائق
drop,قطرة
drug,المخدرات
dry,جاف
due,بسبب
during,خلال
dust,تراب
duty,واجب
each,كل
eager,حريص
ear,أذن
early,مبكرا
earn,يكسب
earnings,الأرباح
earth,الارض
ease,يسهل
easily,بسهولة
east,الشرق
eastern,الشرقية
easy,سهل
eat,تأكل
economic,اقتصادي
economics,اقتصاديات
economist,الاقتصاد
economy,اقتصاد
edge,حافة
edition,الإصدار
editor,محرر
educate,تعليم
education,التعليم
educational,تعليمي
educator,المعلم
effect,تأثير
effective,فعال
effectively,على نحو فعال
efficiency,نجاعة
efficient,فعالة
effort,مجهود
egg,بيضة
eight,ثمانية
either,إما
elderly,كبار السن
elect,منتخب
election,انتخاب
electric,كهربائي
electricity,كهرباء
electronic,الإلكترونية
element,عنصر
elementary,ابتدائي
eliminate,القضاء
elite,نخبة
else,آخر
elsewhere,في مكان آخر
e-mail,البريد الإلكتروني
embrace,تعانق
emerge,يظهر
emergency,حالة طوارئ
emission,انبعاث
emotion,المشاعر
emotional,عاطفي
emphasis,التركيز
emphasize,التأكيد على
employ,توظيف
employee,الموظف
employer,صاحب العمل
employment,توظيف
empty,فارغة
enable,ممكن
encounter,يواجه .. ينجز
encourage,التشجيع
end,نهاية
enemy,العدو
energy,طاقة
enforcement,إجباري
engage,يشترك - ينخرط
engine,محرك
engineer,مهندس
engineering,هندسة
English,إنجليزي
enhance,تعزز
enjoy,التمتع
enormous,ضخم
enough,يكفي
ensure,التأكد من
enter,أدخل
enterprise,مشروع - مغامرة
entertainment,تسلية
entire,بأكمله
entirely,تماما
entrance,مدخل
entry,دخول
environment,بيئة
environmental,البيئة
episode,حلقة
equal,مساو
equally,على قدم المساواة
equipment,معدات
era,حقبة
error,خطأ
escape,هرب
especially,خصوصا
essay,مقال
essential,أساس
essentially,بشكل أساسي
establish,إنشاء
establishment,مؤسسة
estate,ملكية
estimate,تقدير
etc,إلخ
ethics,أخلاق
ethnic,عرقي
European,الأوروبي
evaluate,تقييم
evaluation,تقييم
even,حتى في
evening,مساء
event,حدث
eventually,في النهاية
ever,أبدا
every,كل
everybody,الجميع
everyday,كل يوم
everyone,كل واحد
everything,كل شىء
everywhere,في كل مكان
evidence,دليل
evolution,تطور
evolve,تطور
exact,بالضبط
exactly,بالضبط
examination,فحص
examine,يفحص
example,مثال
exceed,يتجاوز
excellent,ممتاز
except,إلا
exception,استثناء
exchange,تبادل
exciting,مثير
executive,تنفيذي
exercise,ممارسه الرياضه
exhibit,يعرض
exhibition,معرض
exist,يوجد
existence,وجود
existing,موجود
expand,وسعت
expansion,توسع
expect,توقع
expectation,توقع
expense,مصروف
expensive,مكلفة
experience,خبرة
experiment,تجربة
expert,خبير
explain,يشرح
explanation,تفسير
explode,ينفجر
explore,يكتشف
explosion,انفجار
expose,تعرض
exposure,مكشوف
express,التعبير
expression,التعبير
extend,يمتد
extension,تمديد
extensive,شاسع
extent,مدى
external,خارجي
extra,إضافي
extraordinary,استثنائي
extreme,شديد
extremely,الى ابعد حد
eye,عين
fabric,قماش
face,وجه
facility,منشأة
fact,حقيقة
factor,عامل
factory,مصنع
faculty,الأساتذه
fade,يختفي
fail,يفشل
failure,بالفشل
fair,عدل
fairly,تماما
faith,إيمان
fall,تقع
FALSE,خاطئة
familiar,معروف
family,أسرة
famous,مشهور
fan,المعجب
fantasy,خيالي
far,بعيد
farm,مزرعة
farmer,مزارع
fashion,موضه
fast,بسرعة
fat,سمين
fate,قدر
father,الآب
fault,عيب
favor,محاباة
favorite,المفضل
fear,يخاف
feature,خاصية
federal,الفيدرالية
fee,مصاريف
feed,تغذية
feel,يشعر
feeling,شعور
fellow,زميل
female,أنثى
fence,سور
few,قليل
fewer,أقل
fiber,الأساسية
fiction,خيال
field,حقل
fifteen,خمسة عشر
fifth,خامسا
fifty,خمسون
fight,يعارك
fighter,مقاتل
fighting,قتال
figure,الشكل
file,ملف
fill,يملأ
film,فيلم
final,أخير
finally,أخيرا
finance,المالية
financial,الأمور المالية
find,تجد
finding,العثور على
fine,بخير
finger,اصبع اليد
finish,ينهي
fire,إطلاق النار
firm,مؤسسة
first,أول
fish,سمكة
fishing,صيد السمك
fit,لائق بدنيا
fitness,اللياقه البدنيه
five,خمسة
fix,يصلح
flag,علم
flame,لهب
flat,مسطحة
flavor,نكهة
flee,فرار
flesh,لحم
flight,طيران
float,تطفو
floor,أرضية
flow,تدفق
flower,زهرة
fly,يطير
focus,التركيز
folk,قوم
follow,إتبع
following,التالية
food,غذاء
foot,قدم
football,كرة القدم
for,ل
force,فرض
foreign,أجنبي
forest,غابة
forever,مدى الحياة
forget,ننسى
form,شكل
formal,رسمي
formation,تشكيل
former,سابق
formula,معادلة
forth,من الواضح
fortune,حظ
forward,إلى الأمام
found,وجدت
foundation,المؤسسة
founder,مؤسس
four,أربعة
fourth,رابعا
frame,الإطار
framework,إطار العمل
free,مجانا
freedom,الحرية
freeze,تجميد
French,فرنسي
frequency,تردد
frequent,متكرر
frequently,في كثير من الأحيان
fresh,طازج
friend,صديق
friendly,ودود
friendship,صداقة
from,من عند
front,أمام
fruit,فاكهة
frustration,إحباط
fuel,الوقود
full,ممتلىء
fully,تماما
fun,مرح
function,وظيفة
fund,الأموال
fundamental,أساسي
funding,التمويل
funeral,مأتم
funny,مضحك
furniture,أثاث المنزل
furthermore,بالإضافة إلى
future,مستقبل
gain,ربح
galaxy,جالاكسي
gallery,صالة عرض
game,لعبه
gang,عصابة
gap,الفارق
garage,كراج
garden,حديقة
garlic,ثوم
gas,غاز
gate,بوابة
gather,يجتمع
gay,جاي
gaze,تحديق
gear,هيأ
gender,جنس تذكير أو تأنيث
gene,جين
general,جنرال لواء
generally,عموما
generate,انشاء
generation,توليد
genetic,وراثي
gentleman,انسان محترم
gently,بلطف
German,ألمانية
gesture,إيماءة
get,احصل على
ghost,شبح
giant,عملاق
gift,هدية مجانية
gifted,موهوب
girl,فتاة
girlfriend,صديقة
give,يعطى
given,منح
glad,مسرور
glance,يلمح
glass,زجاج
global,عالمي
glove,قفاز
go,يذهب
goal,هدف
God,الله
gold,ذهب
golden,ذهبي
golf,جولف
good,حسن
government,حكومة
governor,محافظ حاكم
grab,إختطاف
grade,رتبة
gradually,تدريجيا
graduate,متخرج
grain,قمح
grand,كبير
grandfather,جد
grandmother,جدة
grant,منحة
grass,عشب
grave,خطير
gray,رمادي
great,رائعة
greatest,أعظم
green,لون أخضر
grocery,خضروات
ground,أرض
group,مجموعة
grow,تنمو
growing,نمو
growth,نمو
guarantee,ضمان
guard,حارس
guess,خمن
guest,الزبون
guide,يرشد
guideline,المبدأ التوجيهي
guilty,مذنب
gun,بندقية
guy,شاب
habit,عادة
habitat,الموائل
hair,شعر
half,نصف
hall,قاعة
hand,كف
handful,حفنة
handle,يتعامل
hang,يشنق
happen,يحدث
happy,سعيدة
hard,الصعب
hardly,بالكاد
hat,قبعة
hate,اكرهه
have,لديك
he,هو
head,رئيس
headline,العنوان الرئيسي
headquarters,مقر
health,الصحة
healthy,صحي
hear,يسمع
hearing,سمع
heart,قلب
heat,الحرارة
heaven,سماء
heavily,بشدة
heavy,ثقيل
heel,كعب
height,ارتفاع
helicopter,هليكوبتر
hell,الجحيم
hello,أهلا
help,يساعد
helpful,معاون، مساعد، مفيد، فاعل خير
her,لها
here,هنا
heritage,إرث
hero,بطل
herself,نفسها
hey,مهلا
hi,أهلا
hide,إخفاء
high,عالي
highlight,تسليط الضوء
highly,إدراك
highway,الطريق السريع
hill,تلة
him,له
himself,نفسه
hip,ورك او نتوء
hire,توظيف
his,له
historian,مؤرخ
historic,تاريخي
historical,تاريخي
history,التاريخ
hit,نجاح
hold,معلق
hole,الفجوة
holiday,عطلة
holy,مقدس
home,الصفحة الرئيسية
homeless,بلا مأوى
honest,صادق
honey,عسل
honor,شرف
hope,أمل
horizon,الأفق
horror,رعب
horse,حصان
hospital,مستشفى
host,مضيف
hot,الحار
hotel,الفندق
hour,ساعة
house,منزل
household,أسرة
housing,الإسكان
how,كيف
however,لكن
huge,تسربت
human,بشري
humor,دعابة
hundred,مائة
hungry,جوعان
hunter,هنتر
hunting,الصيد
hurt,الأذى
husband,الزوج
hypothesis,فرضية
I,أنا
ice,جليد
idea,فكرة
ideal,مثالي
identification,هوية
identify,تحديد
identity,هوية
ie,بمعنى آخر
if,لو
ignore,يتجاهل
ill,سوف
illegal,غير شرعي
illness,مرض
illustrate,يبين
image,صورة
imagination,خيال
imagine,يتصور
immediate,مباشر
immediately,فورا
immigrant,المهاجر
immigration,الهجرة
impact,تأثير
implement,ينفذ
implication,يتضمن
imply,لمح
importance,أهمية
important,الأهمية
impose,فرض
impossible,مستحيل
impress,اعجاب
impression,انطباع
impressive,محرج
improve,تحسن
improvement,تحسين
in,في
incentive,حافز
incident,حادث
include,يشمل
including,بما فيها
income,الإيرادات
incorporate,دمج او تجسيد
increase,يزيد
increased,زيادة
increasing,في ازدياد
increasingly,على نحو متزايد
incredible,لا يصدق
indeed,في الواقع
independence,استقلال
independent,مستقل
index,فهرس
Indian,هندي
indicate,يشير
indication,دلالة
individual,فرد
industrial,صناعي
industry,صناعة
infant,رضيع
infection,عدوى
inflation,التضخم
influence,تأثير
inform,يخبر
information,معلومة
ingredient,المكونات
initial,مبدئي
initially,في البداية
initiative,مبادر
injury,إصابة
inner,داخلي
innocent,البريء
inquiry,سؤال
inside,داخل
insight,تبصر
insist,يصر
inspire,يلهم
install,تثبيت
instance,جزء
instead,في حين أن
institution,المعهد
institutional,مؤسسية
instruction,تعليمات
instructor,المدرب
instrument,أداة
insurance,تأمين
intellectual,مفكر
intelligence,الذكاء
intend,اعتزم
intense,المكثف
intensity,الشدة
intention,الهدف
interaction,تفاعل
interest,فائدة
interested,مهتم
interesting,مثير للإعجاب
internal,داخلي
international,دولي
Internet,إنترنت
interpret,ختم
interpretation,ترجمة
intervention,تدخل قضائي
interview,مقابلة
into,إلى
introduce,تقديم
introduction,المقدمة
invasion,غزو
invest,استثمار
investigate,التحقيق
investigation,تحقيق
investigator,محقق
investment,استثمار
investor,المستثمر
invite,يدعو
involve,تنطوي
involved,متضمن
involvement,إشراكها
Iraqi,عراقي
Irish,الأيرلندية
iron,حديد
Islamic,الإسلامية
island,جزيرة
Israeli,إسرائيلي
issue,مشكلة
it,هو - هي
Italian,الإيطالية
item,غرض
its,إنه
itself,بحد ذاتها
jacket,السترة
jail,سجن
Japanese,اليابانية
jet,طائرة نفاثة
Jew,اليهودي
Jewish,يهودي
job,مهنة
join,انضم
joint,مشترك
joke,نكتة
journal,مجلة
journalist,صحافي
journey,رحلة
joy,مرح
judge,قاضي
judgment,حكم
juice,عصير
jump,القفز
junior,نجارة
jury,هيئة المحلفين
just,مجرد
justice,عدالة
justify,يبرر
keep,احتفظ
key,مفتاح
kick,ركلة
kid,طفل
kill,قتل
killer,القاتل
killing,قتل
kind,طيب القلب
king,ملك
kiss,قبلة
kitchen,مطبخ
knee,ركبة
knife,سكين
knock,طرق
know,أعرف
knowledge,المعرفه
lab,مختبر
label,ضع الكلمة المناسبة
labor,العمل
laboratory,مختبر
lack,قلة
lady,سيدة
lake,بحيرة
land,الأرض
landscape,المناظر الطبيعيه
language,لغة
lap,حجر
large,كبير
largely,إلى حد كبير
last,الاخير
late,متأخر
later,في وقت لاحق
Latin,اللاتينية
latter,أخير
laugh,يضحك
launch,يطلق
law,قانون
lawn,حاوية
lawsuit,دعوى قضائية
lawyer,محامي
lay,يضع
layer,طبقة
lead,قيادة
leader,زعيم
leadership,قيادة
leading,قيادة
leaf,ورقة الشجر
league,الدوري
lean,الخالية من
learn,يتعلم
learning,التعلم
least,الأقل
leather,جلد
leave,غادر
left,اليسار
leg,رجل
legacy,ميراث
legal,قانوني
legend,أسطورة
legislation,تشريع
legitimate,شرعي
lemon,ليمون
length,الطول
less,أقل
lesson,درس
let,يترك
letter,رسالة
level,مستوى
liberal,ليبرالية
library,مكتبة
license,رخصة
lie,راحه
life,الحياة
lifestyle,نمط الحياة
lifetime,أوقات الحياة
lift,مصعد
light,ضوء
like,مثل
likely,المحتمل أن
limit,حد
limitation,القيد
limited,محدود
line,خط
link,حلقة الوصل
lip,شفة
list,قائمة
listen,استمع
literally,حرفيا
literary,الأدبي
literature,المؤلفات
little,القليل
live,يعيش
living,معيشة
load,حمل
loan,يقرض
local,محلي
locate,حدد
location,موقعك
lock,قفل
long,طويل
long-term,طويل الأمد
look,بحث
loose,واسع
lose,تخسر
loss,خسارة
lost,ضائع
lot,قطعة أرض
lots,الكثير
loud,بصوت عال
love,حب
lovely,محبوب
lover,عاشق
low,قليل
lower,أدنى
luck,حظ
lucky,سعيد الحظ
lunch,غداء
lung,رئة
machine,آلة
mad,مجنون
magazine,مجلة
mail,بريد
main,الأساسية
mainly,خاصة
maintain,يحافظ على
maintenance,اعمال صيانة
major,رائد
majority,غالبية
make,صنع
maker,صانع
makeup,ميك أب
male,الذكر
mall,مجمع تجاري
man,رجل
manage,تدبير
management,إدارة
manager,إدارة
manner,طريقة
manufacturer,الصانع
manufacturing,تصنيع
many,عديدة
map,خريطة
margin,هامش
mark,علامة
market,سوق
marketing,تسويق
marriage,زواج
married,متزوج \ متزوجة
marry,الزواج
mask,قناع
mass,كتلة
massive,جسيم
master,رئيسي - سيد
match,تطابق
material,مواد
math,الرياضيات
matter,شيء
may,قد
maybe,يمكن
mayor,عمدة
me,أنا
meal,وجبة
mean,يقصد
meaning,المعنى
meanwhile,في أثناء
measure,قياس
measurement,قياس
meat,لحم
mechanism,آلية
media,وسائط
medical,طبي
medication,أدوية
medicine,دواء
medium,واسطة
meet,يجتمع
meeting,لقاء
member,عضو
membership,عضوية
memory,ذاكرة
mental,عقلي
mention,يذكر
menu,قائمة
mere,مجرد
merely,مجرد
mess,تعبث
message,رسالة
metal,فلز
meter,متر
method,طريقة
Mexican,المكسيكي
middle,وسط
might,قد
military,جيش
milk,حليب
million,مليون
mind,عقل _ يمانع
mine,الخاص بي
minister,وزير
minor,تحت السن القانوني
minority,الأقلية
minute,دقيقة
miracle,معجزة
mirror,مرآة
miss,يفتقد
missile,صاروخ
mission,بعثة
mistake,خطأ
mix,مزج
mixture,خليط
mm-hmm,mm-hmm.
mode,الوضع
model,نموذج
moderate,معتدل
modern,عصري
modest,محتشم
mom,أمي
moment,الوقت الحاضر
money,مال
monitor,مراقب
month,شهر
mood,مزاج
moon,قمر
moral,أخلاقي
more,أكثر
moreover,وعلاوة على ذلك
morning,صباح
mortgage,الرهن العقاري
most,عظم
mostly,خاصة
mother,أم
motion,حركة
motivation,التحفيز
motor,محرك
mount,تتعدد
mountain,جبل
mouse,الفأر
mouth,فم
move,نقل
movement,حركة
movie,فيلم
Mr,السيد
Mrs,السيدة
Ms,تصلب متعدد
much,كثير
multiple,مضاعف
murder,قتل
muscle,عضلة
museum,متحف
music,موسيقى
musical,موسيقي
musician,موسيقي او عازف
Muslim,مسلم
must,يجب
mutual,مشترك
my,لي
myself,نفسي
mystery,أحجية
myth,خرافة
naked,عارية
name,اسم
narrative,سرد
narrow,ضيق
nation,الأمة
national,وطني
native,محلي
natural,طبيعي >> صفة
naturally,بطبيعة الحال
nature,طبيعة سجية
near,قرب
nearby,مجاور
nearly,تقريبا
necessarily,بالضرورة
necessary,من الضروري
neck,رقبه
need,يحتاج
negative,نفي
negotiate,تفاوض
negotiation,تفاوض
neighbor,الجار
neighborhood,حي
neither,لا
nerve,عصب
nervous,متوتر
net,صافي
network,شبكة الاتصال
never,أبدا
nevertheless,مع ذلك
new,الجديد
newly,حديثا
news,الإخبارية
newspaper,جريدة
next,التالي
nice,لطيف - جيد
night,ليل
nine,تسع
no,لا
nobody,لا أحد
nod,إيماءة
noise,الضوضاء
nomination,ترشيح
none,لا أحد
nonetheless,ومع ذلك
nor,ولا
normal,عادي
normally,بشكل طبيعي
north,شمال
northern,شمالي
nose,أنف
not,ليس
note,ملاحظة
nothing,ولا شيء
notice,تنويه
notion,فكرة
novel,رواية
now,حاليا
nowhere,في أي مكان
n't,غير
nuclear,نووي
number,عدد
numerous,كثير
nurse,ممرض
nut,بندق
object,موضوع
objective,هدف
obligation,فرض
observation,الملاحظة
observe,يراقب
observer,مراقب
obtain,الحصول على
obvious,بديهي
obviously,بوضوح
occasion,مناسبات
occasionally,فرح بتجن
occupation,احتلال
occupy,تشغل
occur,تحدث
ocean,محيط
odd,الفردية
odds,احتمال
of,من
off,إيقاف
offense,جريمة
offensive,هجومي
offer,يعرض
office,مكتب
officer,ضابط
official,الرسمية
often,غالبا
oh,أوه
oil,نفط
ok,نعم
okay,حسنا
old,قديم
Olympic,الأولمبية
on,تشغيل
once,بمجرد
one,واحد
ongoing,جاري التنفيذ
onion,بصلة
online,عبر الانترنت
only,فقط
onto,على
open,افتح
opening,افتتاح
operate,العمل
operating,عمل
operation,عملية
operator,المشغل أو العامل
opinion,رأي
opponent,الخصم
opportunity,فرصة
oppose,معارضة
opposite,ضد
opposition,معارض
option,اختيار
or,أو
orange,البرتقالي
order,ترتيب
ordinary,عادي
organic,عضوي
organization,منظمة
organize,تنظم
orientation,اتجاه
origin,الأصل
original,أصلي
originally,في الأصل
other,آخر
others,الآخرين
otherwise,خلاف ذلك
ought,ينبغي
our,لنا
ourselves,أنفسنا
out,خارج
outcome,حصيلة
outside,في الخارج
oven,فرن
over,على
overall,شاملة
overcome,التغلب على
overlook,تطل
owe,مدينون
own,ملك
owner,صاحب
pace,خطوة
pack,حزمة
package,صفقة
page,صفحة
pain,الم
painful,مؤلم
paint,رسم
painter,دهان
painting,لوحة
pair,زوج
pale,باهت
Palestinian,فلسطيني
palm,كف، نخلة
pan,مقلاة
panel,لوجة
pant,يلهث
paper,ورق
parent,الأبوين
park,منتزه
parking,موقف سيارات
part,جزء
participant,مشارك
participate,مشاركة
participation,مشاركة
particular,خاص
particularly,خصوصا
partly,جزئيا
partner,شريك
partnership,شراكة
party,حفل
pass,يمر
passage,الممر
passenger,راكب
passion,شغف
past,ماضي
patch,رقعة قماشية
path,طريق
patient,صبور
pattern,نمط
pause,وقفة
pay,يدفع
payment,قسط
PC,الكمبيوتر
peace,سلام
peak,قمة
peer,نظير
penalty,ضربة جزاء
people,اشخاص
pepper,فلفل
per,لكل
perceive,تصور شعور
percentage,النسبة المئوية
perception,المعرفة
perfect,في احسن الاحوال
perfectly,تماما
perform,نفذ
performance,أداء
perhaps,ربما
period,فترة
permanent,دائم
permission,إذن
permit,يسمح
person,شخص
personal,شخصي
personality,الشخصية
personally,شخصيا
personnel,شؤون الموظفين
perspective,إنطباع
persuade,اقناع
pet,حيوان أليف
phase,مرحلة
phenomenon,ظاهرة
philosophy,فلسفة
phone,هاتف
photo,صورة فوتوغرافية
photograph,تصوير
photographer,مصور فوتوغرافي
phrase,العبارة
physical,بدني
physically,جسديا
physician,الطبيب المعالج
piano,بيانو
pick,قطف او يقطف
picture,صورة
pie,فطيرة
piece,قطعة
pile,كومة
pilot,طيار
pine,صنوبر
pink,زهري
pipe,يضخ
pitch,ملعب كورة قدم
place,مكان
plan,خطة
plane,طائرة
planet,كوكب
planning,تخطيط
plant,مصنع
plastic,بلاستيك
plate,طبق
platform,برنامج
play,لعب
player,لاعب
please,من فضلك
pleasure,بكل سرور
plenty,كثير
plot,قطعة
plus,زائد
PM,مساء
pocket,جيب
poem,قصيدة
poet,شاعر
poetry,الشعر
point,نقطة
pole,عمود
police,شرطة
policy,سياسات
political,سياسي
politically,سياسيا
politician,سياسي
politics,سياسة
poll,تصويت
pollution,التلوث
pool,حمام سباحة
poor,مسكين
pop,بث
popular,شائع
population,تعداد السكان
porch,رواق .. شرفة بيت ارضي
port,ميناء
portion,جزء
portrait,لوحة
portray,تصوير
pose,يشير إلى
position,موقع
positive,إيجابي
possess,يمتلك
possibility,إمكانية
possible,المستطاع
possibly,ربما
post,بريد
pot,وعاء
potato,البطاطس
potential,القدره
potentially,يحتمل
pound,جنيه
pour,يصب
poverty,فقر
powder,مسحوق
power,قوة
powerful,قوي
practical,عملي
practice,حاجة
pray,صلى
prayer,دعاء
precisely,بدقة
predict,يتنبأ
prefer,تفضل
preference,الأفضلية
pregnancy,حمل
pregnant,حامل
preparation,تحضير
prepare,إعداد
prescription,وصفة طبية
presence,حضور
present,هدية
presentation,عرض
preserve,يحفظ
president,رئيس
presidential,الرئاسة
press,صحافة
pressure,الضغط
pretend,يدعي
pretty,جميلة
prevent,يحول دون
previous,السابق
previously,سابقا
price,سعر
pride,الاعتزاز
priest,كاهن
primarily,بالدرجة الأولى
primary,الأولية
prime,براي
principal,المالك
principle,المبدأ
print,مطبعة
prior,قبل
priority,أولوية
prison,السجن
prisoner,أسير
privacy,الإجمالية
private,نشر
probably,المحتمل
problem,مشكلة
procedure,إجراء
proceed,تقدم
process,معالجة
produce,ينتج
producer,منتج
product,المنتج
production,إنتاج
profession,مهنة
professional,المحترفين
professor,دكتور جامعى
profile,الملف الشخصي
profit,ربح
program,برنامج
progress,تقدم
project,مشروع
prominent,بارز
promise,يعد
promote,تروج \ يشجع \ يعزز \ ينمى \ يطور
prompt,مستعجل
proof,دليل
proper,سليم
properly,بصورة صحيحة
property,خاصية
proportion,نسبة
proposal,اقتراح
propose,اقترح
proposed,مقترح
prosecutor,المدعي العام
prospect,احتمال
protect,يحمي
protection,الحماية
protein,بروتين
protest,وقفة احتجاجية
proud,فخور
prove,إثبات
provide,يمد
provider,مزود
province,المحافظة
provision,تقديم
psychological,نفسي
psychologist,الطبيب النفسي
psychology,علم النفس
public,عام
publication,نشر
publicly,علانية
publish,ينشر
publisher,الناشر
pull,يحذب
punishment,عقاب
purchase,عملية الشراء
pure,نقي
purpose,غرض
pursue,لاحق
push,يدفع
put,وضع
qualify,مؤهلات
quality,جودة
quarter,ربع
quarterback,قورتربك
question,سؤال
quick,بسرعة
quickly,بسرعة
quiet,هادئ
quietly,بهدوء
quit,استقال
quite,الى حد كبير
quote,اقتبس
race,العنصر
racial,عرقي
radical,متطرف
radio,مذياع
rail,سكة حديدية
rain,مطر
raise,رفع
range,نطاق
rank,مرتبة
rapid,سريعون
rapidly,بسرعة
rare,نادر
rarely,نادرا
rate,معدل
rather,على الاصح
rating,تقييم
ratio,نسبة
raw,الخام
reach,يصل
react,تتفاعل
reaction,تفاعل
read,اقرأ
reader,قارئ
reading,قراءة
ready,جاهز
real,حقيقة
reality,واقع
realize,تدرك
really,هل حقا
reason,السبب
reasonable,مسؤول
recall,اعد الاتصال
receive,تسلم
recent,حديث
recently,حديثا
recipe,وصفة
recognition,التعرف على
recognize,اتعرف على
recommend,نوصي
recommendation,توصية
record,سجل
recording,تسجيل
recover,استعادة
recovery,التعافي
recruit,تجنيد
red,أحمر
reduce,خفض
reduction,تخفيض
refer,أشير
reference,المرجعي
reflect,يعكس
reflection,انعكاس
reform,اعادة تشكيل
refugee,لاجئ
refuse,رفض
regard,تحية
regarding,بخصوص
regardless,بغض النظر
regime,النظام الحاكم
region,منطقة
regional,إقليمي
register,تسجيل
regular,عادي
regularly,بشكل منتظم
regulate,تنظيم
regulation,اللائحة
reinforce,تعزز
reject,رفض
relate,ترتبط
relation,علاقة
relationship,صلة
relative,نسبيا
relatively,نسبيا
relax,يستريح
release,إفراج
relevant,ذو صلة
relief,تضاريس
religion,دين
religious,متدين
rely,يعتمد
remain,تظل
remaining,متبقي
remarkable,لافت للنظر
remember,تذكر
remind,يتذكر
remote,التحكم عن بعد
remove,إزالة
repeat,كرر
repeatedly,مرارا وتكرارا
replace,يحل محل
reply,الرد
report,أبلغ عن
reporter,مراسل
represent,تركيز
representation,التمثيل
representative,وكيل
Republican,جمهوري
reputation,سمعة
request,طلب
require,يتطلب
requirement,المتطلبات
research,ابحاث
researcher,الباحث
resemble,تشابه
reservation,تحفظ
resident,مقيم
resist,يقاوم
resistance,مقاومة
resolution,الدقة
resolve,حل
resort,ملتجأ
resource,موارد
respect,احترام
respond,رد
respondent,المدعى عليه
response,استجابة
responsibility,المسئولية
responsible,مسؤول
rest,استراحة
restaurant,مطعم
restore,يعيد
restriction,تقييد
result,نتيجة
retain,يحتفظ
retire,تقاعد
retirement,التقاعد
return,إرجاع
reveal,يكشف
revenue,إيرادات
review,إعادة النظر
revolution,ثورة
rhythm,على نفس المنوال
rice,أرز
rich,ثري
rid,يتخلص
ride,اركب
rifle,بندقية
right,حق
ring,حلقة
rise,ترتفع
risk,مخاطرة
river,نهر
road,طريق
rock,صخر
role,وظيفة
roll,لفافة
romantic,رومانسي
roof,سقف
room,مجال
root,جذر
rope,حبل
rose,الوردة
rough,الخام
roughly,بقسوة
round,مستدير
route,طريق
routine,نمط
row,صف
rub,فرك
rule,القاعدة
run,يركض
running,ادارة
rural,قروي
rush,يسرع
Russian,الروسية
sacred,مقدس
sad,حزين
safe,آمنة
safety,سلامة
sake,مصلحة
salad,سلطة
salary,راتب
sale,تخفيض السعر
sales,مبيعات
salt,ملح
same,نفس
sample,عينة
sanction,عقوبة
sand,رمل
satellite,الأقمار الصناعية
satisfaction,إشباع
satisfy,رضا
sauce,صلصة
save,حفظ
saving,إنقاذ
say,قل
scale,مقياس
scandal,فضيحة
scared,مفزوع
scenario,سيناريو
scene,مشهد
schedule,جدول
scheme,مخطط
scholar,مختص بمجال علمي
scholarship,منحة دراسية
school,مدرسة
science,علم
scientific,علمي
scientist,عالم
scope,مجال
score,نتيجة
scream,الصراخ
screen,شاشة
script,النصي
sea,لحر
search,بحث
season,الموسم
seat,مقعد
second,ثانيا
secret,سر
secretary,سكرتير
section,الجزء
sector,قطاع
secure,يؤمن
security,الأمان
see,ارى
seed,بذرة
seek,طلب
seem,بدا
segment,قطعة
seize,حجز اسر يستولى
select,تحديد
selection,اختيار
self,الذات
sell,يبيع
Senate,مجلس الشيوخ
senator,سيناتور
send,يرسل
senior,أول
sense,يشعر
sensitive,حساس
sentence,جملة او حكم على
separate,منفصل
sequence,تسلسل
series,سلسلة
serious,جدي
seriously,عنجد
serve,تخدم
service,الخدمات
session,حصة
set,يضع
setting,ضبط
settle,تسوية
settlement,مستوطنة
seven,سبعة
several,العديد من
severe,شديدة
sex,الجنس
sexual,الجنس
shade,ظل
shadow,ظل
shake,هزة
shall,سوف
shape,شكل
share,شارك
sharp,حاد
she,هي
sheet,ورقة
shelf,رفوف
shell,صدفة
shelter,مأوى
shift,تحول
shine,يلمع
ship,سفينة
shirt,قميص
shit,القرف
shock,صدمة
shoe,حذاء
shoot,أطلق النار
shooting,اطلاق الرصاص
shop,متجر
shopping,التسوق
shore,دعم
short,قصيرة
shortly,قريبا
shot,لقطة
should,يجب
shoulder,كتف
shout,يصيح، يصرخ، صيحة
show,مشاهده
shower,دش
shrug,تجاهل
shut,اغلق
sick,مرض
side,الجانب
sigh,تنهد
sight,مشهد
sign,لافتة
signal,الإشارة
significance,الدلالة
significant,بارز
significantly,بشكل كبير
silence,الصمت
silent,صامتة
silver,فضة
similar,مشابه
similarly,بصورة مماثلة
simple,بسيط
simply,ببساطة
sin,سين
since,حيث
sing,يغني
singer,مغني
single,غير مرتبطة
sink,حوض
sir,سيدي المحترم
sister,أخت
sit,يجلس
site,موقع
situation,قارة
six,ستة
size,بحجم
ski,تزلج
skill,مهارة
skin,جلد
sky,سماء
slave,شريحة
sleep,نايم
slice,شريحة
slide,الانزلاق
slight,طفيف
slightly,طفيف
slip,ينزلق
slow,بطيء
slowly,ببطء
small,صغير
smart,ذكي
smell,يشم
smile,ابتسامة
smoke,دخان
smooth,ناعم
snap,يفرقع، ينفجر
snow,ثلج
so,وبالتالي
so-called,ما يسمى
soccer,كرة القدم
social,اجتماعي
society,المجتمع
soft,لين
software,البرمجيات
soil,تربة
solar,شمسي
soldier,جندي
solid,صلب
solution,المحلول
solve,يحل
some,بعض
somebody,شخص ما
somehow,بطريقة ما
someone,شخصا ما
something,شيئا ما
sometimes,بعض الأحيان
somewhat,قليلا
somewhere,مكان ما
son,ابن
song,أغنية
soon,هكذا
sophisticated,تعقيدا
sorry,آسف
sort,نوع
soul,روح
sound,يبدو
soup,حساء
source,مصدر
south,جنوب
southern,الجنوبي
Soviet,السوفيتي
space,فضاء
Spanish,الأسبانية
speak,تحدث
speaker,مكبر الصوت
special,مميز
specialist,متخصص
species,محيط
specific,محدد
specifically,خاصة
speech,خطاب
speed,سرعة
spend,أنفق
spending,الإنفاق
spin,غزل
spirit,روح
spiritual,روحانية
split,الانقسام
spokesman,المتحدث باسم
sport,رياضة
spot,بقعة
spread,الانتشار
spring,الخريف
square,مربع
squeeze,يعصر
stability,المزيد
stable,مستقر
staff,طاقم عمل
stage,المسرح
stair,سلم
stake,حصة
stand,يقف
standard,اساسي
standing,يقف
star,نجمة
stare,التحديق
start,بداية
state,حالة
statement,بيان
station,محطة
statistics,الإحصاء
status,الحالة
stay,البقاء
steady,ثابت
steal,يسرق
steel,الصلب
step,خطوة
stick,عصا
still,ساكن
stir,ضجة
stock,الأوراق المالية
stomach,المعدة |
stone,حجر
stop,قف
storage,تخزين
store,متجر
storm,عاصفه
story,قصة
straight,مباشرة
strange,غريب
stranger,شخص غريب
strategic,استراتيجي
strategy,إستراتيجية
stream,مجرى
street,شارع
strength,الخضوع ل
strengthen,تعزيز - يقوي
stress,ضغط عصبى
stretch,تمتد
strike,إضراب
string,سلسلة
strip,قطاع
stroke,السكتة الدماغية
strong,قوي
strongly,بقوة
structure,بنية
struggle,صراع
student,طالب
studio,استوديو
study,دراسة
stuff,أمور
stupid,غبي
style,نمط
subject,موضوعات
submit,إرسال
subsequent,تالي
substance,مستوى
substantial,حقيقي
succeed,ينجح
success,النجاح
successful,ناجح
successfully,بنجاح
such,مثل
sudden,مفاجئ
suddenly,فجأة
sue,قاضى
suffer,يعاني
sufficient,كاف
sugar,السكر
suggest,يقترح
suggestion,اقتراح
suicide,الانتحار
suit,تناسب
summer,الصيف
summit,قمة
sun,الشمس
super,ممتاز
supply,إمداد
support,الدعم
supporter,مؤيد، مشجع، داعم
suppose,افترض
supposed,مفترض
Supreme,أعلى فائق
sure,بالتأكيد
surely,بالتاكيد
surface,السطحية
surgery,الجراحة
surprise,مفاجئة
surprised,فوجئ
surprising,مفاجأة
surprisingly,من المستغرب
surround,تحيط به
survey,الدراسة الاستقصائية
survival,نجاة
survive,ينجو
survivor,الناجين
suspect,مشتبه فيه
sustain,الحفاظ
swear,يقسم
sweep,مسح
sweet,حلو
swim,السباحة
swing,تأرجح
switch,تحول
symbol,رمز
symptom,علامة مرض
system,النظام
table,طاولة
tablespoon,ملعقة طعام
tactic,تكتيك
tail,ذيل
take,يأخذ
tale,حكاية
talent,موهبة
talk,حديث
tall,طويل
tank,خزان
tap,صنبور
tape,الشريط
target,استهداف
task,مهمة
taste,المذاق
tax,ضريبة
taxpayer,دافع الضرائب
tea,شاي
teach,يعلم
teacher,معلم
teaching,تعليم
team,فريق
tear,دمعة
teaspoon,ملعقة صغيرة
technical,تقني
technique,تقنية
technology,تقنية
teen,في سن المراهقة
teenager,مراهقة
telephone,هاتف
telescope,تلسكوب
television,التلفاز
tell,يخبار
temperature,درجة الحرارة
temporary,مؤقت
ten,عشرة
tend,ينزع
tendency,نزعة
tennis,تنس
tension,توتر
tent,خيمة
term,مصطلح
terms,مصطلحات
terrible,كريه
territory,منطقة
terror,الإرهاب
terrorism,الإرهاب
terrorist,إرهابي
test,اختبار
testify,شهد
testimony,شهادة
testing,اختبارات
text,نص
than,من
thank,شكر
thanks,شكرا
that,الذي - التي
the,ال
theater,مسرح
their,هم
them,معهم
theme,سمة
themselves,أنفسهم
then,من ثم
theory,نظرية
therapy,علاج نفسي
there,هناك
therefore,وبالتالي
these,هؤلاء
they,أنهم
thick,سميك
thin,نحيف
thing,شيء
think,فكر في
thinking,التفكير
third,الثالث
thirty,ثلاثون
this,هذه
those,أولئك
though,على أية حال
thought,فكر
thousand,ألف
threat,تهديد
threaten,هدد
three,ثلاثة
throat,حلق
through,عبر
throughout,على مدار
throw,يرمي
thus,هكذا
ticket,تذكرة
tie,ربطة عنق
tight,ضيق
time,زمن
tiny,صغير الحجم
tip,تلميح
tire,إطار العجلة
tired,مرهق
tissue,الانسجة
title,لقب
to,إلى
tobacco,التبغ
today,اليوم
toe,إصبع قدم
together,سويا
tomato,طماطم
tomorrow,غدا
tone,نغمة، رنه
tongue,لسان
tonight,هذه الليلة
too,جدا
tool,أداة
tooth,سن
top,أعلى
topic,عنوان
toss,رمى
total,المجموع
totally,تماما
touch,لمس. اتصال. صلة
tough,قاس
tour,جولة
tourist,سائح
tournament,المسابقة
toward,باتجاه
towards,من اتجاه
tower,برج
town,مدينة
toy,عروسه لعبه
trace,أثر
track,مسار
trade,تجارة
tradition,التقليد
traditional,التقليديين
traffic,حركة المرور
tragedy,مأساة
trail,ممر المشاة
train,يدرب
training,تمرين
transfer,نقل
transform,تحول
transformation,تحويل
transition,انتقال
translate,ترجمة
transportation,وسائل النقل
travel,السفر
treat,يعامل
treatment,علاج او معاملة
treaty,معاهدة
tree,شجرة
tremendous,هائل
trend,اتجاه
trial,التجربة
tribe,قبيلة
trick,حيلة
trip,رحلة قصيرة
troop,قوات
trouble,مشكلة
truck,شاحنة
TRUE,حقيقية
truly,حقا
trust,ثقة
truth,حقيقة
try,محاولة
tube,الة النفخ
tunnel,نفق
turn,منعطف أو دور
TV,تلفزيون
twelve,اثني عشر
twenty,عشرون
twice,مرتين
twin,التوأم
two,اثنين
type,نوع
typical,عادي
typically,عادة
ugly,البشع
ultimate,ذروة
ultimately,أخيرا
unable,غير قادر
uncle,عمي أو خالي
under,تحت
undergo,خضع
understand,تفهم
understanding,فهم
unfortunately,لسوء الحظ
uniform,زى موحد
union,اتحاد
unique,فريدة من نوعها
unit,وحدة
United,المتحدة
universal,عالمي
universe,كون
university,جامعة
unknown,غير معروف
unless,ما لم
unlike,على عكس
unlikely,من غير المرجح
until,حتى
unusual,غير عادي
up,فوق
upon,على
upper,UPPER.
urban,الحضاري
urge,حث
us,نحن
use,استعمال
used,تستخدم
useful,مفيد
user,المستعمل
usual,معتاد
usually,عادة
utility,خدمة
vacation,عطلة
valley,الوادي
valuable,ذو قيمة
value,القيمة
variable,عامل
variation,الاختلاف
variety,تشكيلة
various,متنوع
vary,يتغير
vast,واسع
vegetable,الخضروات
vehicle,مركبة
venture,المغامر
version,إصدار
versus,عكس
very,جدا
vessel,وعاء
veteran,محارب قديم
via,عبر
victim,ضحية
victory,فوز
video,فيديو
view,عرض
viewer,مشاهد
village,قرية
violate,انتهاك
violation,عنيف
violence,عنف
violent,عنيف
virtually,عمليا
virtue,فضيلة
virus,فايروس
visible,مرئي
vision,رؤية
visit,يزور
visitor,الزائر
visual,المرئية
vital,مهم للغاية
voice,صوت بشري
volume,الصوت
volunteer,تطوع
vote,تصويت
voter,الناخب
vs,ضد
vulnerable,معرض
wage,أجر
wait,انتظر
wake,استيقظ
walk,يمشي
wall,حائط
wander,تجول
want,يريد
war,حرب
warm,دافئ
warn,حذر
warning,تحذير
wash,غسل
waste,قمامة
watch,راقب
water,ماء
wave,موجة
way,طريق
we,نحن
weak,ضعيف
wealth,ثروة
wealthy,الأثرياء
weapon,سلاح
wear,يرتدي
weather,طقس
wedding,زفاف
week,أسبوع
weekend,عطلة نهاية الاسبوع
weekly,أسبوعي
weigh,وزن
weight,وزن
welcome,أهلا بك
welfare,خير
well,حسنا
west,غرب
western,الغربي
wet,مبلل
what,ماذا او ما
whatever,ايا كان
wheel,عجلة
when,متي
whenever,كلما كان
where,أين
whereas,بينما
whether,سواء
which,أي
while,في حين
whisper,همسة
white,أبيض
who,من الذى
whole,كامل
whom,من
whose,ملك من
why,لماذا
wide,واسع
widely,على نطاق واسع
widespread,واسع الانتشار
wife,زوجة
wild,بري
will,إرادة
willing,راغب
win,يفوز
wind,ريح
window,نافذة او شباك
wine,خمر
wing,جناح
winner,الفائز
winter,شتاء
wipe,يمسح
wire,الأسلاك
wisdom,حكمة
wise,حكيم
wish,يتمنى
with,مع
withdraw,ينسحب
within,داخل
without,بدون
witness,الشاهد
woman,النساء
wonder,يتساءل
wonderful,رائع
wood,خشب
wooden,خشبي
word,كلمة
work,الشغل
worker,عامل
working,عمل
works,ويعمل
workshop,ورشة عمل
world,العالمية
worried,قلق
worry,قلق
worth,قيمة
would,سيكون
wound,جرح
wrap,لف
write,اكتب
writer,كاتب
writing,جاري الكتابة
wrong,خاطئ
yard,حديقة منزل
yeah,نعم
year,عام
yell,قال بصوت عال
yellow,أصفر
yes,نعم
yesterday,في الامس
yet,بعد
yield,أثمر
you,أنت
young,صغيرة
your,لك
yours,لك
yourself,نفسك
youth,شباب
zone,منطقة